title,year,genre,runtime_min,rating,country
The Hidden River,1987,Animation,93,5.3,Kenya
The Silent River,2008,Romance,103,5.7,USA
The Burning Orchard,2010,Sci-Fi,120,5.8,Kenya
The Lost Song,2005,Comedy,130,5.6,India
The Distant Robot,2011,Animation,84,6.9,Japan
The Electric Satellite,2021,Sci-Fi,141,6.0,Japan
The Distant Satellite,2016,Romance,93,9.2,Ghana
The Hidden Market,2024,Animation,75,9.1,Ghana
The Broken Station,1991,Documentary,74,8.9,France
The Silent Harbour,2020,Documentary,93,5.9,India
The Paper Station,2000,Sci-Fi,95,6.0,South Africa
The Iron Bridge,2015,Sci-Fi,134,6.1,Japan
The Red Harbour,2015,Romance,119,5.2,Japan
The Distant Garden,1990,Drama,118,5.9,Ghana
The Burning Compass,1995,Drama,117,8.5,Brazil
The Burning Song,2017,Documentary,71,4.8,Nigeria
The Electric Lantern,2013,Comedy,160,7.9,UK
The Northern Harbour,1988,Animation,70,6.1,France
The Distant Kingdom,2004,Drama,164,7.4,UK
The Paper Song,2009,Drama,140,4.6,USA
The Electric Garden,1994,Animation,70,5.7,Japan
The Paper Kingdom,2022,Sci-Fi,116,6.0,USA
The Silent Drum,2006,Sci-Fi,113,9.0,South Africa
The Northern Song,1991,Animation,93,9.3,Brazil
The Iron Compass,2006,Romance,101,5.0,USA
The Electric Station,2021,Animation,85,8.9,France
The Lost Satellite,1991,Animation,70,8.3,South Africa
The Little Bridge,2026,Documentary,75,5.5,India
The Paper Drum,2008,Romance,126,6.5,India
The Northern Station,2018,Thriller,99,8.0,Brazil
The Last Song,2014,Thriller,128,8.7,Brazil
The Northern Garden,2006,Drama,119,5.1,UK
The Midnight Market,2022,Drama,144,8.3,Nigeria
The Golden Bridge,1989,Sci-Fi,111,8.4,Japan
The Paper Market,1995,Comedy,126,7.5,Ghana
The Midnight Garden,1995,Comedy,138,6.3,Brazil
The Last Station,2015,Comedy,146,9.0,Japan
The Electric Market,2012,Documentary,72,5.8,Japan
The Little Robot,2013,Thriller,88,6.1,South Africa
The Silent Bridge,2024,Animation,70,7.8,Japan
The Silent Kingdom,2023,Documentary,84,8.4,France
The Burning Satellite,2025,Documentary,82,7.0,Nigeria
The Last Bridge,2015,Sci-Fi,142,6.1,Brazil
The Burning Station,1999,Drama,112,5.3,India
The Paper Garden,2010,Thriller,98,7.8,USA
The Iron Lantern,2002,Sci-Fi,107,8.9,Nigeria
The Broken Compass,2002,Thriller,113,5.3,UK
The Lost Signal,2017,Comedy,142,5.7,South Africa
The Hidden Satellite,2012,Comedy,135,5.6,UK
The Iron Garden,2026,Thriller,145,7.6,France
The Little Satellite,1999,Romance,145,6.1,France
The Midnight Kingdom,2006,Documentary,80,5.0,South Africa
The Burning Robot,2021,Thriller,114,7.7,Nigeria
The Last Orchard,2004,Animation,92,5.8,Kenya
The Burning Signal,2000,Documentary,75,8.6,Japan
The Lost Kingdom,2026,Comedy,151,7.7,India
The Iron Station,2025,Animation,94,8.4,USA
The Electric Harbour,1987,Romance,161,5.8,Ghana
The Midnight Song,2018,Documentary,80,6.0,Brazil
The Distant Bridge,2009,Animation,90,8.2,Japan
