date,category,description,amount
2026-08-01,Fun,Birthday gift,72.86
2026-08-03,Data,Wi-Fi top-up,21.64
2026-08-05,Books,Printing notes,86.66
2026-08-07,Books,Engineering maths textbook,51.12
2026-08-07,Data,Wi-Fi top-up,42.31
2026-08-09,Fun,Cinema,31.27
2026-08-05,Food,Lunch,twelve
2026-08-09,Data,Mobile data bundle,10.42
2026-08-11,Food,Fruit,25.53
2026-08-13,Data,Mobile data bundle,44.16
2026-08-15,Books,Printing notes,161.87
2026-08-15,Food,Waakye,38.10
2026-08-17,Transport,Trotro,34.37
2026-08-17,Books,Engineering maths textbook,52.40
2026-08-11,Transport,Taxi
2026-08-19,Books,Printing notes,92.58
2026-08-21,Food,Waakye,22.49
2026-08-23,Food,Jollof and chicken,46.50
2026-08-25,Fun,Birthday gift,26.51
2026-08-27,Transport,Fuel,22.12
2026-08-27,Books,Printing notes,81.48
2026-08-29,Data,Wi-Fi top-up,25.76
2026-08-31,Fun,Football match ticket,24.65
2026-08-31,Transport,Fuel,32.55
2026-09-01,Food,Kenkey and fish,57.08
2026-09-01,Books,Engineering maths textbook,65.81
2026-09-03,Books,Printing notes,67.23
2026-09-03,Fun,Cinema,23.00
2026-09-05,Data,Mobile data bundle,25.52
2026-09-05,Food,Jollof and chicken,24.25
2026-09-07,Fun,Birthday gift,39.78
2026-09-09,Data,Mobile data bundle,11.41
2026-09-09,Transport,Uber,3.07
2026-09-11,Fun,Football match ticket,32.77
2026-09-11,Transport,Bus to Kumasi,15.24
2026-09-13,Food,Fruit,55.93
2026-09-13,Transport,Uber,18.39
2026-09-15,Transport,Fuel,25.93
2026-09-15,Data,Wi-Fi top-up,46.61
2026-09-17,Transport,Fuel,22.69
2026-09-19,Food,Groceries,49.97
2026-09-19,Transport,Uber,5.29
2026-09-21,Transport,Bus to Kumasi,23.46
2026-09-23,Fun,Football match ticket,23.56
2026-09-25,Data,Wi-Fi top-up,31.65
2026-09-27,Transport,Fuel,12.34
2026-09-27,Transport,Uber,9.16
2026-09-29,Data,Mobile data bundle,33.12
