timestamp,sensor_id,raw
2026-09-28T09:00,V5,5.012
2026-09-28T09:00,V3,3.291
2026-09-28T09:00,T1,245.9
2026-09-28T09:00,I1,59.8
2026-09-28T09:01,V5,4.993
2026-09-28T09:01,V3,3.313
2026-09-28T09:01,T1,252.5
2026-09-28T09:01,I1,60.8
2026-09-28T09:02,V5,5.019
2026-09-28T09:02,V3,3.305
2026-09-28T09:02,T1,258.4
2026-09-28T09:02,I1,61.0
2026-09-28T09:03,V5,5.027
2026-09-28T09:03,V3,3.303
2026-09-28T09:03,T1,263.9
2026-09-28T09:03,I1,61.8
2026-09-28T09:04,V5,5.021
2026-09-28T09:04,V3,3.302
2026-09-28T09:04,T1,269.9
2026-09-28T09:04,I1,61.8
2026-09-28T09:05,V5,5.008
2026-09-28T09:05,V3,3.306
2026-09-28T09:05,T1,275.6
2026-09-28T09:05,I1,58.5
2026-09-28T09:06,V5,5.033
2026-09-28T09:06,V3,3.306
2026-09-28T09:06,T1,280.5
2026-09-28T09:06,I1,58.5
2026-09-28T09:07,V5,5.015
2026-09-28T09:07,V3,3.296
2026-09-28T09:07,T1,286.8
2026-09-28T09:07,I1,58.6
2026-09-28T09:08,V5,5.026
2026-09-28T09:08,V3,3.286
2026-09-28T09:08,T1,291.2
2026-09-28T09:08,I1,61.9
2026-09-28T09:09,V5,5.018
2026-09-28T09:09,V3,3.289
2026-09-28T09:09,T1,294.8
2026-09-28T09:09,I1,60.5
2026-09-28T09:10,V5,5.017
2026-09-28T09:10,V3,3.298
2026-09-28T09:10,T1,298.6
2026-09-28T09:10,I1,59.8
2026-09-28T09:11,V5,5.009
2026-09-28T09:11,V3,3.302
2026-09-28T09:11,T1,303.0
2026-09-28T09:11,I1,61.2
2026-09-28T09:12,V5,5.010
2026-09-28T09:12,V3,3.300
2026-09-28T09:12,T1,307.9
2026-09-28T09:12,I1,58.2
2026-09-28T09:13,V5,5.026
2026-09-28T09:13,V3,3.297
2026-09-28T09:13,T1,311.8
2026-09-28T09:13,I1,60.2
2026-09-28T09:14,V5,5.032
2026-09-28T09:14,V3,3.306
2026-09-28T09:14,T1,314.6
2026-09-28T09:15,V5,
2026-09-28T09:14,I1,60.8
2026-09-28T09:15,V5,5.018
2026-09-28T09:15,V3,3.306
2026-09-28T09:15,T1,317.1
2026-09-28T09:15,I1,58.3
2026-09-28T09:16,V5,5.015
2026-09-28T09:16,V3,3.309
2026-09-28T09:16,T1,320.2
2026-09-28T09:16,I1,60.3
2026-09-28T09:17,V5,5.014
2026-09-28T09:17,V3,3.291
2026-09-28T09:17,T1,322.7
2026-09-28T09:17,I1,60.3
2026-09-28T09:18,V5,5.005
2026-09-28T09:18,V3,3.300
2026-09-28T09:18,T1,325.9
2026-09-28T09:18,I1,60.2
2026-09-28T09:19,V5,5.019
2026-09-28T09:19,V3,3.302
2026-09-28T09:19,T1,328.2
2026-09-28T09:19,I1,61.1
2026-09-28T09:20,V5,5.015
2026-09-28T09:20,V3,3.301
2026-09-28T09:20,T1,328.5
2026-09-28T09:20,I1,57.9
2026-09-28T09:21,V5,5.018
2026-09-28T09:21,V3,3.298
2026-09-28T09:21,T1,329.5
2026-09-28T09:21,I1,58.3
2026-09-28T09:22,V5,5.030
2026-09-28T09:22,V3,3.300
2026-09-28T09:22,T1,329.8
2026-09-28T09:22,I1,57.0
2026-09-28T09:23,V5,5.032
2026-09-28T09:23,V3,3.297
2026-09-28T09:23,T1,329.3
2026-09-28T09:23,I1,58.0
2026-09-28T09:24,V5,5.023
2026-09-28T09:24,V3,3.307
2026-09-28T09:24,T1,332.6
2026-09-28T09:24,I1,61.0
2026-09-28T09:25,V5,5.016
2026-09-28T09:25,V3,3.297
2026-09-28T09:25,T1,334.6
2026-09-28T09:25,I1,61.7
2026-09-28T09:26,V5,5.020
2026-09-28T09:26,V3,3.297
2026-09-28T09:26,T1,335.4
2026-09-28T09:26,I1,61.6
2026-09-28T09:27,V5,5.019
2026-09-28T09:27,V3,3.312
2026-09-28T09:27,T1,336.4
2026-09-28T09:27,I1,56.3
2026-09-28T09:28,V5,5.010
2026-09-28T09:28,V3,3.293
2026-09-28T09:28,T1,337.4
2026-09-28T09:28,I1,61.7
2026-09-28T09:29,V5,5.010
2026-09-28T09:29,V3,3.303
2026-09-28T09:29,T1,340.5
2026-09-28T09:29,I1,61.1
2026-09-28T09:30,V5,5.026
2026-09-28T09:30,V3,3.305
2026-09-28T09:30,T1,342.6
2026-09-28T09:30,I1,59.2
2026-09-28T09:31,V5,5.025
2026-09-28T09:31,V3,3.297
2026-09-28T09:31,T1,342.6
2026-09-28T09:31,I1,60.3
2026-09-28T09:16,T1,two hundred
2026-09-28T09:32,V5,5.016
2026-09-28T09:32,V3,3.305
2026-09-28T09:32,T1,341.7
2026-09-28T09:32,I1,61.0
2026-09-28T09:33,V5,5.024
2026-09-28T09:33,V3,3.300
2026-09-28T09:33,T1,342.1
2026-09-28T09:33,I1,58.4
2026-09-28T09:34,V5,5.018
2026-09-28T09:34,V3,3.301
2026-09-28T09:34,T1,342.5
2026-09-28T09:34,I1,61.0
2026-09-28T09:35,V5,5.011
2026-09-28T09:35,V3,3.306
2026-09-28T09:35,T1,342.8
2026-09-28T09:35,I1,60.9
2026-09-28T09:36,V5,5.016
2026-09-28T09:36,V3,3.316
2026-09-28T09:36,T1,341.6
2026-09-28T09:36,I1,62.5
2026-09-28T09:37,V5,5.027
2026-09-28T09:37,V3,3.308
2026-09-28T09:37,T1,341.1
2026-09-28T09:37,I1,59.2
2026-09-28T09:38,V5,5.000
2026-09-28T09:38,V3,3.299
2026-09-28T09:38,T1,341.9
2026-09-28T09:38,I1,59.8
2026-09-28T09:39,V5,5.014
2026-09-28T09:39,V3,3.292
2026-09-28T09:39,T1,342.9
2026-09-28T09:39,I1,62.4
2026-09-28T09:40,V5,4.984
2026-09-28T09:40,V3,3.296
2026-09-28T09:40,T1,349.7
2026-09-28T09:40,I1,111.0
2026-09-28T09:41,V5,4.971
2026-09-28T09:41,V3,3.297
2026-09-28T09:41,T1,356.6
2026-09-28T09:41,I1,110.7
2026-09-28T09:42,V5,4.967
2026-09-28T09:42,V3,3.298
2026-09-28T09:42,T1,361.0
2026-09-28T09:42,I1,112.1
2026-09-28T09:43,V5,4.977
2026-09-28T09:43,V3,3.296
2026-09-28T09:43,T1,364.9
2026-09-28T09:43,I1,112.8
2026-09-28T09:44,V5,4.982
2026-09-28T09:44,V3,3.306
2026-09-28T09:44,T1,369.5
2026-09-28T09:44,I1,111.9
2026-09-28T09:45,V5,4.981
2026-09-28T09:45,V3,3.297
2026-09-28T09:45,T1,374.3
2026-09-28T09:45,I1,110.5
2026-09-28T09:46,V5,4.989
2026-09-28T09:46,V3,3.305
2026-09-28T09:46,T1,376.3
2026-09-28T09:46,I1,110.3
2026-09-28T09:47,V5,4.968
2026-09-28T09:47,V3,3.302
2026-09-28T09:47,T1,381.3
2026-09-28T09:47,I1,110.2
2026-09-28T09:48,V5,4.977
2026-09-28T09:48,V3,3.304
2026-09-28T09:48,T1,385.6
2026-09-28T09:48,I1,108.5
2026-09-28T09:49,V5,4.988
2026-09-28T09:17,X9,5.0
2026-09-28T09:49,V3,3.306
2026-09-28T09:49,T1,389.7
2026-09-28T09:49,I1,110.8
2026-09-28T09:50,V5,4.977
2026-09-28T09:50,V3,3.298
2026-09-28T09:50,T1,393.2
2026-09-28T09:50,I1,108.4
2026-09-28T09:51,V5,4.994
2026-09-28T09:51,V3,3.304
2026-09-28T09:51,T1,398.1
2026-09-28T09:51,I1,109.4
2026-09-28T09:52,V5,4.993
2026-09-28T09:52,V3,3.288
2026-09-28T09:52,T1,400.9
2026-09-28T09:52,I1,111.7
2026-09-28T09:53,V5,4.979
2026-09-28T09:53,V3,3.294
2026-09-28T09:53,T1,404.8
2026-09-28T09:53,I1,109.7
2026-09-28T09:54,V5,4.984
2026-09-28T09:54,V3,3.300
2026-09-28T09:54,T1,407.2
2026-09-28T09:54,I1,110.1
2026-09-28T09:55,V5,4.955
2026-09-28T09:55,V3,3.288
2026-09-28T09:55,T1,412.3
2026-09-28T09:55,I1,108.2
2026-09-28T09:56,V5,4.980
2026-09-28T09:56,V3,3.304
2026-09-28T09:56,T1,416.6
2026-09-28T09:56,I1,111.5
2026-09-28T09:57,V5,4.984
2026-09-28T09:57,V3,3.300
2026-09-28T09:57,T1,417.2
2026-09-28T09:57,I1,106.8
2026-09-28T09:58,V5,4.976
2026-09-28T09:58,V3,3.300
2026-09-28T09:58,T1,420.9
2026-09-28T09:58,I1,110.6
2026-09-28T09:59,V5,4.977
2026-09-28T09:59,V3,3.295
2026-09-28T09:59,T1,423.3
2026-09-28T09:59,I1,109.9
2026-09-28T10:00,V5,4.996
2026-09-28T10:00,V3,3.313
2026-09-28T10:00,T1,425.7
2026-09-28T10:00,I1,110.5
2026-09-28T10:01,V5,4.986
2026-09-28T10:01,V3,3.308
2026-09-28T10:01,T1,426.3
2026-09-28T10:01,I1,110.1
2026-09-28T10:02,V5,4.977
2026-09-28T10:02,V3,3.298
2026-09-28T10:02,T1,429.3
2026-09-28T10:02,I1,109.7
2026-09-28T10:03,V5,4.983
2026-09-28T10:03,V3,3.308
2026-09-28T10:03,T1,430.3
2026-09-28T10:03,I1,111.9
2026-09-28T10:04,V5,4.977
2026-09-28T10:04,V3,3.304
2026-09-28T10:04,T1,430.9
2026-09-28T10:04,I1,110.0
2026-09-28T10:05,V5,4.998
2026-09-28T10:05,V3,3.300
2026-09-28T10:05,T1,432.2
2026-09-28T10:05,I1,112.0
2026-09-28T10:06,V5,4.983
2026-09-28T10:06,V3,3.303
09:18 28/09/2026,V3,3.30
2026-09-28T10:06,T1,431.9
2026-09-28T10:06,I1,111.6
2026-09-28T10:07,V5,5.001
2026-09-28T10:07,V3,3.306
2026-09-28T10:07,T1,432.9
2026-09-28T10:07,I1,110.9
2026-09-28T10:08,V5,4.958
2026-09-28T10:08,V3,3.301
2026-09-28T10:08,T1,432.7
2026-09-28T10:08,I1,110.9
2026-09-28T10:09,V5,4.992
2026-09-28T10:09,V3,3.299
2026-09-28T10:09,T1,433.3
2026-09-28T10:09,I1,110.8
2026-09-28T10:10,V5,4.918
2026-09-28T10:10,V3,3.299
2026-09-28T10:10,T1,440.1
2026-09-28T10:10,I1,169.5
2026-09-28T10:11,V5,4.708
2026-09-28T10:11,V3,3.301
2026-09-28T10:11,T1,446.3
2026-09-28T10:11,I1,167.3
2026-09-28T10:12,V5,4.688
2026-09-28T10:12,V3,3.295
2026-09-28T10:12,T1,453.9
2026-09-28T10:12,I1,173.6
2026-09-28T10:13,V5,4.685
2026-09-28T10:13,V3,3.299
2026-09-28T10:13,T1,459.2
2026-09-28T10:13,I1,168.7
2026-09-28T10:14,V5,4.945
2026-09-28T10:14,V3,3.301
2026-09-28T10:14,T1,464.4
2026-09-28T10:14,I1,168.7
2026-09-28T10:15,V5,4.979
2026-09-28T10:15,V3,3.313
2026-09-28T10:15,T1,463.0
2026-09-28T10:15,I1,108.9
2026-09-28T10:16,V5,4.984
2026-09-28T10:16,V3,3.287
2026-09-28T10:16,T1,461.1
2026-09-28T10:16,I1,111.3
2026-09-28T10:17,V5,4.984
2026-09-28T10:17,V3,3.302
2026-09-28T10:17,T1,461.8
2026-09-28T10:17,I1,107.0
2026-09-28T10:18,V5,4.985
2026-09-28T10:18,V3,3.299
2026-09-28T10:18,T1,460.7
2026-09-28T10:18,I1,108.6
2026-09-28T10:19,V5,4.985
2026-09-28T10:19,V3,3.312
2026-09-28T10:19,T1,460.3
2026-09-28T10:19,I1,110.3
2026-09-28T10:20,V5,4.977
2026-09-28T10:20,V3,3.303
2026-09-28T10:20,T1,458.4
2026-09-28T10:20,I1,111.3
2026-09-28T10:21,V5,4.958
2026-09-28T10:21,V3,3.299
2026-09-28T10:21,T1,457.2
2026-09-28T10:21,I1,110.1
2026-09-28T10:22,V5,4.978
2026-09-28T10:22,V3,3.300
2026-09-28T10:22,T1,456.3
2026-09-28T10:22,I1,109.3
2026-09-28T10:23,V5,4.969
2026-09-28T10:23,V3,3.301
2026-09-28T10:23,T1,456.3
2026-09-28T09:19,V5,-4.2
2026-09-28T10:23,I1,109.7
2026-09-28T10:24,V5,4.978
2026-09-28T10:24,V3,3.305
2026-09-28T10:24,T1,454.8
2026-09-28T10:24,I1,109.8
2026-09-28T10:25,V5,5.003
2026-09-28T10:25,V3,3.298
2026-09-28T10:25,T1,455.8
2026-09-28T10:25,I1,109.2
2026-09-28T10:26,V5,4.984
2026-09-28T10:26,V3,3.293
2026-09-28T10:26,T1,455.5
2026-09-28T10:26,I1,110.9
2026-09-28T10:27,V5,4.986
2026-09-28T10:27,V3,3.310
2026-09-28T10:27,T1,455.0
2026-09-28T10:27,I1,109.7
2026-09-28T10:28,V5,4.979
2026-09-28T10:28,V3,3.302
2026-09-28T10:28,T1,453.6
2026-09-28T10:28,I1,109.8
2026-09-28T10:29,V5,4.970
2026-09-28T10:29,V3,3.301
2026-09-28T10:29,T1,452.4
2026-09-28T10:29,I1,110.9
2026-09-28T10:30,V5,5.005
2026-09-28T10:30,V3,3.298
2026-09-28T10:30,T1,449.0
2026-09-28T10:30,I1,78.0
2026-09-28T10:31,V5,5.006
2026-09-28T10:31,V3,3.297
2026-09-28T10:31,T1,445.1
2026-09-28T10:31,I1,83.2
2026-09-28T10:32,V5,5.012
2026-09-28T10:32,V3,3.299
2026-09-28T10:32,T1,441.4
2026-09-28T10:32,I1,81.0
2026-09-28T10:33,V5,4.993
2026-09-28T10:33,V3,3.313
2026-09-28T10:33,T1,437.5
2026-09-28T10:33,I1,80.0
2026-09-28T10:34,V5,5.016
2026-09-28T10:34,V3,3.295
2026-09-28T10:34,T1,436.3
2026-09-28T10:34,I1,79.2
2026-09-28T10:35,V5,5.000
2026-09-28T10:35,V3,3.301
2026-09-28T10:35,T1,432.5
2026-09-28T10:35,I1,80.0
2026-09-28T10:36,V5,4.990
2026-09-28T10:36,V3,3.292
2026-09-28T10:36,T1,429.4
2026-09-28T10:36,I1,81.4
2026-09-28T10:37,V5,5.015
2026-09-28T10:37,V3,3.287
2026-09-28T10:37,T1,427.6
2026-09-28T10:37,I1,79.0
2026-09-28T10:38,V5,5.011
2026-09-28T10:38,V3,3.292
2026-09-28T10:38,T1,425.1
2026-09-28T10:38,I1,81.7
2026-09-28T10:39,V5,5.009
2026-09-28T10:39,V3,3.290
2026-09-28T10:39,T1,423.2
2026-09-28T10:39,I1,81.7
2026-09-28T10:40,V5,5.001
2026-09-28T10:40,V3,3.297
2026-09-28T10:40,T1,421.6
2026-09-28T10:40,I1,77.4
2026-09-28T09:20,T1,2600
2026-09-28T10:41,V5,4.982
2026-09-28T10:41,V3,3.293
2026-09-28T10:41,T1,419.7
2026-09-28T10:41,I1,81.1
2026-09-28T10:42,V5,5.018
2026-09-28T10:42,V3,3.299
2026-09-28T10:42,T1,419.2
2026-09-28T10:42,I1,80.1
2026-09-28T10:43,V5,4.996
2026-09-28T10:43,V3,3.310
2026-09-28T10:43,T1,418.2
2026-09-28T10:43,I1,79.9
2026-09-28T10:44,V5,4.995
2026-09-28T10:44,V3,3.289
2026-09-28T10:44,T1,417.6
2026-09-28T10:44,I1,81.1
2026-09-28T10:45,V5,5.013
2026-09-28T10:45,V3,3.301
2026-09-28T10:45,T1,414.8
2026-09-28T10:45,I1,78.8
2026-09-28T10:46,V5,5.002
2026-09-28T10:46,V3,3.309
2026-09-28T10:46,T1,412.6
2026-09-28T10:46,I1,79.5
2026-09-28T10:47,V5,4.986
2026-09-28T10:47,V3,3.300
2026-09-28T10:47,T1,411.8
2026-09-28T10:47,I1,78.5
2026-09-28T10:48,V5,5.007
2026-09-28T10:48,V3,3.294
2026-09-28T10:48,T1,410.0
2026-09-28T10:48,I1,80.2
2026-09-28T10:49,V5,5.001
2026-09-28T10:49,V3,3.300
2026-09-28T10:49,T1,409.6
2026-09-28T10:49,I1,78.8
2026-09-28T10:50,V5,4.991
2026-09-28T10:50,V3,3.309
2026-09-28T10:50,T1,408.2
2026-09-28T10:50,I1,78.5
2026-09-28T10:51,V5,5.013
2026-09-28T10:51,V3,3.294
2026-09-28T10:51,T1,407.9
2026-09-28T10:51,I1,79.1
2026-09-28T10:52,V5,5.009
2026-09-28T10:52,V3,3.286
2026-09-28T10:52,T1,405.7
2026-09-28T10:52,I1,81.5
2026-09-28T10:53,V5,5.017
2026-09-28T10:53,V3,3.299
2026-09-28T10:53,T1,405.0
2026-09-28T10:53,I1,79.3
2026-09-28T10:54,V5,5.018
2026-09-28T10:54,V3,3.307
2026-09-28T10:54,T1,404.4
2026-09-28T10:54,I1,79.1
2026-09-28T10:55,V5,5.005
2026-09-28T10:55,V3,3.297
2026-09-28T10:55,T1,405.1
2026-09-28T10:55,I1,77.2
2026-09-28T10:56,V5,4.996
2026-09-28T10:56,V3,3.299
2026-09-28T10:56,T1,404.6
2026-09-28T10:56,I1,77.0
2026-09-28T10:57,V5,5.010
2026-09-28T10:57,V3,3.306
2026-09-28T10:57,T1,403.0
2026-09-28T10:57,I1,78.0
2026-09-28T10:58,V5,5.022
2026-09-28T10:58,V3,3.301
2026-09-28T10:58,T1,401.1
2026-09-28T10:58,I1,78.0
2026-09-28T10:59,V5,5.011
2026-09-28T10:59,V3,3.304
2026-09-28T10:59,T1,399.2
2026-09-28T10:59,I1,77.7
