patient_id,time,heart_rate,spo2,temperature
P001,06:00,75,99,36.9
P002,06:00,103,93,38.2
P003,06:00,68,98,36.9
P004,06:00,92,91,37.4
P001,08:00,68,98,36.9
P002,08:00,106,92,38.3
P003,08:00,63,96,37.0
P004,08:00,87,91,37.5
P003,10:00,sixty,97,37.1
P001,10:00,75,97,36.8
P002,10:00,104,93,38.6
P003,10:00,61,98,37.1
P004,10:00,87,90,37.6
P001,12:00,71,99,36.8
P002,12:00,110,92,38.5
P003,12:00,62,97,37.1
P004,12:00,91,89,37.4
P001,14:00,74,98
P001,14:00,69,99,36.8
P002,14:00,109,91,38.4
P003,14:00,68,97,36.9
P004,14:00,92,89,37.7
P001,16:00,73,97,37.0
P002,16:00,112,92,38.5
P003,16:00,67,98,37.1
P004,16:00,89,89,37.6
P001,18:00,73,97,36.9
P002,18:00,116,92,38.6
P003,18:00,68,96,36.9
P004,18:00,86,89,37.6
P001,20:00,70,97,36.8
P002,20:00,114,92,38.9
P003,20:00,68,98,37.2
P004,20:00,90,88,37.7
