patient_id,time,type,value
P001,2026-10-02T06:00,HR,69
P001,2026-10-02T06:00,BP,137/90
P001,2026-10-02T06:00,TEMP,37.0
P001,2026-10-02T06:00,SPO2,98
P002,2026-10-02T06:00,HR,85
P002,2026-10-02T06:00,BP,124/76
P002,2026-10-02T06:00,TEMP,37.1
P002,2026-10-02T06:00,SPO2,97
P003,2026-10-02T06:00,HR,75
P003,2026-10-02T06:00,BP,116/78
P003,2026-10-02T06:00,TEMP,36.9
P003,2026-10-02T06:00,SPO2,99
P004,2026-10-02T06:00,HR,71
P004,2026-10-02T06:00,BP,124/74
P004,2026-10-02T06:00,TEMP,36.8
P004,2026-10-02T06:00,SPO2,98
P005,2026-10-02T06:00,HR,119
P005,2026-10-02T06:00,BP,104/64
P005,2026-10-02T06:00,TEMP,38.9
P005,2026-10-02T06:00,SPO2,92
P006,2026-10-02T06:00,HR,86
P006,2026-10-02T06:00,BP,123/78
P006,2026-10-02T06:00,TEMP,37.1
P006,2026-10-02T06:00,SPO2,97
P001,2026-10-02T10:00,HR,82
P001,2026-10-02T10:00,BP,124/74
P001,2026-10-02T10:00,TEMP,36.7
P001,2026-10-02T10:00,SPO2,98
P002,2026-10-02T10:00,HR,91
P002,2026-10-02T10:00,BP,123/78
P002,2026-10-02T10:00,TEMP,37.1
P002,2026-10-02T10:00,SPO2,97
P003,2026-10-02T10:00,HR,70
P003,2026-10-02T10:00,BP,135/87
P003,2026-10-02T10:00,TEMP,36.7
P003,2026-10-02T10:00,SPO2,97
P004,2026-10-02T10:00,HR,80
P004,2026-10-02T10:00,BP,120/73
P004,2026-10-02T10:00,TEMP,37.1
P003,2026-10-02T10:00,HR,
P004,2026-10-02T10:00,SPO2,98
P005,2026-10-02T10:00,HR,115
P005,2026-10-02T10:00,BP,104/66
P005,2026-10-02T10:00,TEMP,38.8
P005,2026-10-02T10:00,SPO2,92
P006,2026-10-02T10:00,HR,80
P006,2026-10-02T10:00,BP,126/85
P006,2026-10-02T10:00,TEMP,36.8
P006,2026-10-02T10:00,SPO2,98
P001,2026-10-02T14:00,HR,82
P001,2026-10-02T14:00,BP,126/84
P001,2026-10-02T14:00,TEMP,37.1
P001,2026-10-02T14:00,SPO2,97
P002,2026-10-02T14:00,HR,92
P002,2026-10-02T14:00,BP,119/76
P002,2026-10-02T14:00,TEMP,37.4
P002,2026-10-02T14:00,SPO2,95
P003,2026-10-02T14:00,HR,73
P003,2026-10-02T14:00,BP,121/79
P003,2026-10-02T14:00,TEMP,36.6
P003,2026-10-02T14:00,SPO2,98
P004,2026-10-02T14:00,HR,73
P004,2026-10-02T14:00,BP,116/70
P004,2026-10-02T14:00,TEMP,36.8
P004,2026-10-02T14:00,SPO2,98
P005,2026-10-02T14:00,HR,111
P005,2026-10-02T14:00,BP,104/65
P005,2026-10-02T14:00,TEMP,38.8
P005,2026-10-02T14:00,SPO2,93
P006,2026-10-02T14:00,HR,82
P006,2026-10-02T14:00,BP,122/78
P006,2026-10-02T14:00,TEMP,36.9
P006,2026-10-02T14:00,SPO2,97
P001,2026-10-02T18:00,HR,90
P001,2026-10-02T18:00,BP,120/74
P001,2026-10-02T18:00,TEMP,36.9
P001,2026-10-02T18:00,SPO2,96
P002,2026-10-02T18:00,HR,97
P002,2026-10-02T18:00,BP,115/74
P002,2026-10-02T18:00,TEMP,37.6
P002,2026-10-02T18:00,SPO2,94
P003,2026-10-02T18:00,HR,63
P003,2026-10-02T18:00,BP,118/75
P003,2026-10-02T18:00,TEMP,36.9
P004,2026-10-02T14:00,BP,120-80
P003,2026-10-02T18:00,SPO2,98
P004,2026-10-02T18:00,HR,77
P004,2026-10-02T18:00,BP,128/79
P004,2026-10-02T18:00,TEMP,36.9
P004,2026-10-02T18:00,SPO2,98
P005,2026-10-02T18:00,HR,107
P005,2026-10-02T18:00,BP,108/71
P005,2026-10-02T18:00,TEMP,38.4
P005,2026-10-02T18:00,SPO2,93
P006,2026-10-02T18:00,HR,69
P006,2026-10-02T18:00,BP,116/74
P006,2026-10-02T18:00,TEMP,36.8
P006,2026-10-02T18:00,SPO2,97
P001,2026-10-02T22:00,HR,78
P001,2026-10-02T22:00,BP,117/76
P001,2026-10-02T22:00,TEMP,36.8
P001,2026-10-02T22:00,SPO2,96
P002,2026-10-02T22:00,HR,100
P002,2026-10-02T22:00,BP,118/70
P002,2026-10-02T22:00,TEMP,38.1
P002,2026-10-02T22:00,SPO2,94
P003,2026-10-02T22:00,HR,81
P003,2026-10-02T22:00,BP,133/88
P003,2026-10-02T22:00,TEMP,37.1
P003,2026-10-02T22:00,SPO2,98
P004,2026-10-02T22:00,HR,86
P004,2026-10-02T22:00,BP,123/80
P004,2026-10-02T22:00,TEMP,37.1
P004,2026-10-02T22:00,SPO2,99
P005,2026-10-02T22:00,HR,104
P005,2026-10-02T22:00,BP,108/70
P005,2026-10-02T22:00,TEMP,38.2
P005,2026-10-02T22:00,SPO2,94
P006,2026-10-02T22:00,HR,79
P006,2026-10-02T22:00,BP,130/87
P006,2026-10-02T22:00,TEMP,36.8
P006,2026-10-02T22:00,SPO2,99
P001,2026-10-03T02:00,HR,69
P001,2026-10-03T02:00,BP,116/72
P001,2026-10-03T02:00,TEMP,36.6
P001,2026-10-03T02:00,SPO2,98
P002,2026-10-03T02:00,HR,102
P002,2026-10-03T02:00,BP,110/74
P002,2026-10-03T02:00,TEMP,38.0
P001,yesterday,TEMP,37.0
P002,2026-10-03T02:00,SPO2,94
P003,2026-10-03T02:00,HR,70
P003,2026-10-03T02:00,BP,113/74
P003,2026-10-03T02:00,TEMP,36.8
P003,2026-10-03T02:00,SPO2,97
P004,2026-10-03T02:00,HR,67
P004,2026-10-03T02:00,BP,131/85
P004,2026-10-03T02:00,TEMP,36.7
P004,2026-10-03T02:00,SPO2,98
P005,2026-10-03T02:00,HR,98
P005,2026-10-03T02:00,BP,108/66
P005,2026-10-03T02:00,TEMP,38.0
P005,2026-10-03T02:00,SPO2,94
P006,2026-10-03T02:00,HR,74
P006,2026-10-03T02:00,BP,122/78
P006,2026-10-03T02:00,TEMP,36.7
P006,2026-10-03T02:00,SPO2,97
P001,2026-10-03T06:00,HR,69
P001,2026-10-03T06:00,BP,139/89
P001,2026-10-03T06:00,TEMP,37.1
P001,2026-10-03T06:00,SPO2,95
P002,2026-10-03T06:00,HR,102
P002,2026-10-03T06:00,BP,111/69
P002,2026-10-03T06:00,TEMP,38.2
P002,2026-10-03T06:00,SPO2,94
P003,2026-10-03T06:00,HR,72
P003,2026-10-03T06:00,BP,134/86
P003,2026-10-03T06:00,TEMP,36.9
P003,2026-10-03T06:00,SPO2,97
P004,2026-10-03T06:00,HR,77
P004,2026-10-03T06:00,BP,119/80
P004,2026-10-03T06:00,TEMP,36.9
P004,2026-10-03T06:00,SPO2,99
P005,2026-10-03T06:00,HR,97
P005,2026-10-03T06:00,BP,120/73
P005,2026-10-03T06:00,TEMP,37.8
P005,2026-10-03T06:00,SPO2,94
P006,2026-10-03T06:00,HR,82
P006,2026-10-03T06:00,BP,137/88
P006,2026-10-03T06:00,TEMP,37.3
P006,2026-10-03T06:00,SPO2,99
P001,2026-10-03T10:00,HR,76
P001,2026-10-03T10:00,BP,119/78
P001,2026-10-03T10:00,TEMP,37.0
P009,2026-10-03T06:00,HR,80
P001,2026-10-03T10:00,SPO2,96
P002,2026-10-03T10:00,HR,105
P002,2026-10-03T10:00,BP,105/68
P002,2026-10-03T10:00,TEMP,38.3
P002,2026-10-03T10:00,SPO2,93
P003,2026-10-03T10:00,HR,78
P003,2026-10-03T10:00,BP,127/82
P003,2026-10-03T10:00,TEMP,37.1
P003,2026-10-03T10:00,SPO2,97
P004,2026-10-03T10:00,HR,77
P004,2026-10-03T10:00,BP,121/76
P004,2026-10-03T10:00,TEMP,36.9
P004,2026-10-03T10:00,SPO2,96
P005,2026-10-03T10:00,HR,93
P005,2026-10-03T10:00,BP,118/73
P005,2026-10-03T10:00,TEMP,38.0
P005,2026-10-03T10:00,SPO2,96
P006,2026-10-03T10:00,HR,79
P006,2026-10-03T10:00,BP,131/83
P006,2026-10-03T10:00,TEMP,36.8
P006,2026-10-03T10:00,SPO2,98
P001,2026-10-03T14:00,HR,80
P001,2026-10-03T14:00,BP,132/81
P001,2026-10-03T14:00,TEMP,36.7
P001,2026-10-03T14:00,SPO2,97
P002,2026-10-03T14:00,HR,108
P002,2026-10-03T14:00,BP,112/68
P002,2026-10-03T14:00,TEMP,38.8
P002,2026-10-03T14:00,SPO2,93
P003,2026-10-03T14:00,HR,83
P003,2026-10-03T14:00,BP,118/78
P003,2026-10-03T14:00,TEMP,37.0
P003,2026-10-03T14:00,SPO2,97
P004,2026-10-03T14:00,HR,70
P004,2026-10-03T14:00,BP,134/83
P004,2026-10-03T14:00,TEMP,37.1
P004,2026-10-03T14:00,SPO2,99
P005,2026-10-03T14:00,HR,95
P005,2026-10-03T14:00,BP,113/70
P005,2026-10-03T14:00,TEMP,37.6
P005,2026-10-03T14:00,SPO2,95
P006,2026-10-03T14:00,HR,77
P006,2026-10-03T14:00,BP,116/74
P006,2026-10-03T14:00,TEMP,36.9
P006,2026-10-03T10:00,SPO2,140
P006,2026-10-03T14:00,SPO2,98
P001,2026-10-03T18:00,HR,69
P001,2026-10-03T18:00,BP,132/83
P001,2026-10-03T18:00,TEMP,37.2
P001,2026-10-03T18:00,SPO2,97
P002,2026-10-03T18:00,HR,115
P002,2026-10-03T18:00,BP,109/65
P002,2026-10-03T18:00,TEMP,38.7
P002,2026-10-03T18:00,SPO2,93
P003,2026-10-03T18:00,HR,74
P003,2026-10-03T18:00,BP,130/84
P003,2026-10-03T18:00,TEMP,36.8
P003,2026-10-03T18:00,SPO2,96
P004,2026-10-03T18:00,HR,72
P004,2026-10-03T18:00,BP,128/82
P004,2026-10-03T18:00,TEMP,36.9
P004,2026-10-03T18:00,SPO2,97
P005,2026-10-03T18:00,HR,93
P005,2026-10-03T18:00,BP,119/80
P005,2026-10-03T18:00,TEMP,37.4
P005,2026-10-03T18:00,SPO2,96
P006,2026-10-03T18:00,HR,86
P006,2026-10-03T18:00,BP,114/69
P006,2026-10-03T18:00,TEMP,36.9
P006,2026-10-03T18:00,SPO2,98
P001,2026-10-03T22:00,HR,78
P001,2026-10-03T22:00,BP,119/78
P001,2026-10-03T22:00,TEMP,36.7
P001,2026-10-03T22:00,SPO2,97
P002,2026-10-03T22:00,HR,113
P002,2026-10-03T22:00,BP,101/63
P002,2026-10-03T22:00,TEMP,39.0
P002,2026-10-03T22:00,SPO2,91
P003,2026-10-03T22:00,HR,74
P003,2026-10-03T22:00,BP,129/84
P003,2026-10-03T22:00,TEMP,37.0
P003,2026-10-03T22:00,SPO2,97
P004,2026-10-03T22:00,HR,83
P004,2026-10-03T22:00,BP,127/80
P004,2026-10-03T22:00,TEMP,36.8
P004,2026-10-03T22:00,SPO2,97
P005,2026-10-03T22:00,HR,89
P005,2026-10-03T22:00,BP,119/79
P005,2026-10-03T22:00,TEMP,37.3
P002,2026-10-03T14:00,PULSE,90
P005,2026-10-03T22:00,SPO2,96
P006,2026-10-03T22:00,HR,73
P006,2026-10-03T22:00,BP,125/77
P006,2026-10-03T22:00,TEMP,36.9
P006,2026-10-03T22:00,SPO2,99
P001,2026-10-04T02:00,HR,67
P001,2026-10-04T02:00,BP,113/75
P001,2026-10-04T02:00,TEMP,36.6
P001,2026-10-04T02:00,SPO2,97
P002,2026-10-04T02:00,HR,117
P002,2026-10-04T02:00,BP,100/63
P002,2026-10-04T02:00,TEMP,39.0
P002,2026-10-04T02:00,SPO2,90
P003,2026-10-04T02:00,HR,71
P003,2026-10-04T02:00,BP,112/69
P003,2026-10-04T02:00,TEMP,36.9
P003,2026-10-04T02:00,SPO2,97
P004,2026-10-04T02:00,HR,77
P004,2026-10-04T02:00,BP,127/84
P004,2026-10-04T02:00,TEMP,36.8
P004,2026-10-04T02:00,SPO2,97
P005,2026-10-04T02:00,HR,90
P005,2026-10-04T02:00,BP,125/75
P005,2026-10-04T02:00,TEMP,37.1
P005,2026-10-04T02:00,SPO2,97
P006,2026-10-04T02:00,HR,79
P006,2026-10-04T02:00,BP,133/84
P006,2026-10-04T02:00,TEMP,37.1
P006,2026-10-04T02:00,SPO2,98
