visit_id,patient_id,department,triage,arrival,wait_minutes,age
V001,PT1732,General OPD,5,16:50,26,25
V002,PT1234,Eye Clinic,4,14:40,162,45
V003,PT1370,Emergency,1,15:20,3,78
V004,PT1504,Emergency,2,13:50,15,74
V005,PT1259,Dental,4,16:50,95,61
V006,PT1416,Maternity,4,08:40,42,70
V007,PT1031,Emergency,3,15:10,40,33
V008,PT1696,Emergency,3,07:50,17,44
V009,PT1224,Maternity,4,10:50,0,57
V010,PT1759,Paediatrics,5,08:15,154,10
V011,PT1485,Paediatrics,4,09:50,60,1
V012,PT1658,Eye Clinic,3,09:50,31,19
V013,PT1962,General OPD,3,16:15,39,49
V014,PT1846,Dental,4,15:10,207,39
V015,PT1868,Paediatrics,4,13:40,131,9
V016,PT1442,Paediatrics,1,14:00,4,0
V017,PT1525,Dental,4,16:30,116,54
V018,PT1766,Maternity,2,07:30,15,26
V019,PT1258,Dental,3,11:10,39,16
V020,PT1360,Emergency,3,14:30,43,37
V021,PT1225,Eye Clinic,2,15:15,15,45
V022,PT1604,Dental,3,12:45,5,49
V023,PT1695,Dental,4,13:50,88,81
V024,PT1447,Maternity,3,12:30,35,28
V025,PT1667,Dental,4,09:20,106,32
V026,PT1410,Maternity,3,11:00,63,75
V027,PT1465,Paediatrics,3,16:00,67,0
V028,PT1785,Dental,4,08:50,94,47
V029,PT1771,General OPD,3,08:40,59,18
V030,PT1365,Emergency,3,16:20,62,22
V031,PT1133,Paediatrics,5,10:45,147,2
V032,PT1283,Paediatrics,5,13:20,161,8
V033,PT1993,Dental,3,07:45,34,16
V034,PT1097,General OPD,3,11:20,48,81
V035,PT1529,General OPD,4,15:40,152,80
V036,PT1511,General OPD,3,13:20,82,39
V037,PT1883,Emergency,2,14:20,14,41
V038,PT1807,Maternity,3,09:40,50,82
V039,PT1720,General OPD,5,16:50,241,45
V040,PT1011,Emergency,2,08:50,9,53
V041,PT1543,Eye Clinic,5,13:45,98,29
V042,PT1273,Eye Clinic,2,15:00,15,54
V043,PT1225,Dental,4,10:30,40,21
V044,PT1132,Emergency,3,14:30,43,19
V045,PT1314,Dental,5,12:10,113,58
V046,PT1454,Paediatrics,5,10:45,96,2
V047,PT1376,Maternity,1,10:10,3,49
V048,PT1665,Dental,5,08:45,135,22
V049,PT1695,Eye Clinic,3,10:20,45,61
V050,PT1679,Dental,5,08:30,100,48
V051,PT1197,Paediatrics,5,12:10,105,4
V052,PT1533,General OPD,3,11:10,61,16
V053,PT1696,Maternity,3,09:00,75,50
V054,PT1566,Dental,2,08:40,8,35
V055,PT1550,Emergency,1,13:50,0,85
V056,PT1309,General OPD,2,09:30,13,34
V057,PT1504,Paediatrics,4,14:15,152,9
V058,PT1999,Eye Clinic,3,15:40,31,71
V059,PT1821,General OPD,5,09:20,159,34
V060,PT1334,Eye Clinic,3,08:45,67,32
V061,PT1828,Maternity,5,07:20,161,52
V062,PT1482,Paediatrics,3,10:20,89,1
V063,PT1569,Emergency,1,11:30,4,44
V064,PT1143,Maternity,2,12:50,19,74
V065,PT1995,Emergency,3,08:15,44,36
V066,PT1839,Eye Clinic,4,07:50,98,65
V067,PT1278,General OPD,2,12:20,20,29
V068,PT1937,General OPD,3,15:10,64,71
V069,PT1642,Dental,4,09:30,129,21
V070,PT1361,Dental,4,14:15,42,61
V071,PT1517,Emergency,3,13:10,29,76
V072,PT1481,Paediatrics,4,08:00,45,2
V073,PT1487,Eye Clinic,4,11:20,93,49
V074,PT1298,Eye Clinic,4,11:20,79,69
V075,PT1274,Dental,5,15:20,154,75
V076,PT1620,General OPD,4,10:30,143,43
V077,PT1206,Dental,5,08:45,110,84
V078,PT1192,Dental,3,15:30,13,82
V079,PT1706,Maternity,4,16:40,71,62
V080,PT1446,Dental,3,15:10,36,82
V081,PT1629,Eye Clinic,4,11:00,140,74
V082,PT1450,Paediatrics,3,13:20,36,5
V083,PT1378,Paediatrics,3,07:40,28,8
V084,PT1320,Paediatrics,4,11:20,26,4
V085,PT1200,Dental,4,07:20,108,48
V086,PT1444,Dental,3,08:50,47,57
V087,PT1035,Paediatrics,5,07:20,275,0
V088,PT1050,Emergency,3,16:50,65,62
V089,PT1520,Eye Clinic,4,08:50,10,48
V090,PT1331,Maternity,5,10:40,163,81
V091,PT1403,General OPD,3,11:20,67,55
V092,PT1896,Eye Clinic,4,11:20,158,45
V093,PT1046,General OPD,4,08:40,37,54
V094,PT1087,Paediatrics,5,12:30,273,8
V095,PT1995,General OPD,3,14:45,64,74
V096,PT1272,Maternity,4,13:30,26,83
V097,PT1012,General OPD,4,13:15,70,68
V098,PT1835,Emergency,2,13:00,10,16
V099,PT1473,Paediatrics,4,11:00,78,2
V100,PT1080,Eye Clinic,4,12:40,92,59
V101,PT1862,General OPD,4,12:50,109,67
V102,PT1576,Maternity,1,12:00,3,85
V103,PT1064,Dental,4,13:45,75,60
V104,PT1158,Maternity,1,08:45,1,62
V105,PT1414,Eye Clinic,3,10:15,61,24
V106,PT1118,Paediatrics,2,11:20,13,9
V107,PT1568,Emergency,3,07:30,40,67
V108,PT1418,Maternity,4,08:20,13,54
V109,PT1221,General OPD,2,07:15,3,28
V110,PT1288,Maternity,5,09:40,109,22
V111,PT1783,Eye Clinic,3,14:45,12,29
V112,PT1562,Dental,5,13:15,219,79
V113,PT1339,Maternity,4,09:20,46,51
V114,PT1609,Emergency,2,08:15,13,27
V115,PT1331,Paediatrics,5,07:30,86,3
V116,PT1648,Emergency,1,15:00,2,37
V117,PT1580,Emergency,2,09:15,16,34
V118,PT1148,Maternity,4,13:10,108,85
V119,PT1420,Emergency,2,11:10,21,38
V120,PT1372,Eye Clinic,4,09:40,133,44
