part_no,type,value,tolerance,quantity,reorder_level,unit_price,location
P001,RESISTOR,10,1%,120,10,0.22,B4
P002,RESISTOR,47,1%,3,10,0.21,A6
P003,RESISTOR,100,5%,1000,100,0.14,B5
P004,RESISTOR,220,5%,3,20,0.06,C5
P005,RESISTOR,330,1%,250,10,0.09,D4
P006,RESISTOR,470,1%,8,20,0.18,D2
P007,RESISTOR,1k,1%,120,50,0.21,D1
P008,RESISTOR,2.2k,1%,500,20,0.15,C3
P009,RESISTOR,4.7k,1%,40,20,0.18,A2
P010,RESISTOR,10k,5%,250,20,0.24,D3
P011,RESISTOR,47k,1%,1000,100,0.30,B6
P012,RESISTOR,100k,1%,250,50,0.09,B1
P013,RESISTOR,1M,1%,40,50,0.22,B2
P014,CAPACITOR,10p,20%,120,20,1.50,B6
P015,CAPACITOR,100p,10%,8,10,2.50,C4
P016,CAPACITOR,1n,10%,250,50,1.59,C5
P017,CAPACITOR,10n,10%,250,10,2.50,C5
P018,CAPACITOR,100n,10%,15,100,1.78,D5
P019,CAPACITOR,1u,20%,75,100,0.36,C6
P020,CAPACITOR,10u,10%,1000,10,0.42,B4
P021,CAPACITOR,100u,10%,75,10,1.20,B1
P022,CAPACITOR,470u,20%,15,100,1.46,D1
P023,INDUCTOR,1u,10%,0,20,1.07,A4
P024,INDUCTOR,10u,20%,8,100,3.07,D6
P025,INDUCTOR,100u,10%,3,10,2.04,A2
P026,INDUCTOR,1m,20%,40,50,2.57,C3
P027,INDUCTOR,10m,20%,1000,20,3.82,B3
P028,LED,red,-,75,100,1.06,C5
P029,LED,green,-,40,100,1.44,B1
P030,LED,blue,-,120,20,0.78,C1
P031,LED,yellow,-,15,10,0.74,A6
P032,LED,white,-,500,20,1.38,C1
P033,IC,NE555,-,8,20,26.61,B1
P034,IC,LM358,-,15,50,4.69,C5
P035,IC,ATmega328P,-,500,10,31.28,B5
P036,IC,74HC595,-,8,10,22.06,B6
P037,IC,LM7805,-,120,50,32.21,B2
P038,IC,L293D,-,75,10,6.37,A5
P039,TRANSISTOR,BC547,-,8,10,3.52,C5
P040,TRANSISTOR,BC557,-,500,20,2.49,A4
P041,TRANSISTOR,2N2222,-,3,10,3.34,B2
P042,TRANSISTOR,IRF540N,-,1000,20,3.57,B3
P043,TRANSISTOR,TIP120,-,500,10,4.07,A4
