time_s,voltage_V,current_A
0,12.593,0.828
10,12.582,0.775
20,12.579,0.830
30,12.584,0.809
40,12.586,0.825
50,12.551,0.820
60,12.547,0.773
70,12.563,0.780
80,12.532,0.811
90,12.528,0.829
100,12.557,0.779
110,12.551,0.798
120,12.545,0.813
130,12.506,0.775
140,12.511,0.787
150,12.518,0.800
160,12.511,0.818
170,12.513,0.770
180,12.493,0.777
190,12.112,
190,12.478,0.793
200,12.477,1.213
210,12.471,1.185
220,12.461,1.204
230,12.472,1.189
240,12.442,1.205
250,12.461,1.172
260,12.439,1.930
270,12.414,1.893
280,12.416,1.185
290,12.415,1.229
300,12.415,1.217
310,12.383,1.213
320,12.370,1.219
330,12.391,1.216
340,12.377,1.182
350,12.370,1.174
360,12.360,1.197
370,12.346,1.173
380,12.320,1.219
390,ERR,1.205
390,12.328,1.187
400,12.338,0.898
410,12.328,0.874
420,12.289,0.913
430,12.309,0.898
440,12.282,0.876
450,12.283,0.883
460,12.289,0.890
470,12.277,0.929
480,12.252,0.907
490,12.262,0.924
500,12.271,0.899
510,12.244,0.873
520,12.228,0.872
530,12.232,0.892
540,12.226,0.910
550,12.238,0.878
560,12.242,0.883
570,12.227,0.930
580,12.225,0.884
590,12.219,0.921
